[Header],,,,,,,,,,,,,,,
IEMFileVersion,4,,,,,,,,,,,,,,
Investigator Name,INVESTIGATOR,,,,,,,,,,,,,,
Experiment Name,RUNNAME,,,,,,,,,,,,,,
Date,DATE,,,,,,,,,,,,,,
Workflow,GenerateFASTQ,,,,,,,,,,,,,,
Application,FASTQ Only,,,,,,,,,,,,,,
Assay,Nextera XT v2,,,,,,,,,,,,,,
Description,RNA,,,,,,,,,,,,,,
Chemistry,Amplicon,,,,,,,,,,,,,,
,,,,,,,,,,,,,,,
[Reads],,,,,,,,,,,,,,,
301,,,,,,,,,,,,,,,
301,,,,,,,,,,,,,,,
,,,,,,,,,,,,,,,
[Settings],,,,,,,,,,,,,,,
ReverseComplement,0,,,,,,,,,,,,,,
Adapter,CTGTCTCTTATACACATCT,,,,,,,,,,,,,,
,,,,,,,,,,,,,,,
[Data],,,,,,,,,,,,,,,
Sample_ID,Sample_Name,Sample_Plate,Sample_Well,I7_Index_ID,index,I5_Index_ID,index2,Run,Nr,Sample_Project,Species,Chain,Patient,Sample,UMI
