Primer	seq	chain	
#311Vβ2-tit-prB	AACTATGTTTTGGTATCGTCA	TCRb	
#312Vβ4-tit-prB	CACGATGTTCTGGTACCGTCAGCA	TCRb	
#313Vβ5/1tit-prB	CAGTGTGTCCTGGTACCAACAG	TCRb	
#314Vβ6a/11tit-prB	AACCCTTTATTGGTACCGACA	TCRb	
#315Vβ6b/25tit-prB	ATCCCTTTTTTGGTACCAACAG	TCRb	
#316Vβ6ctit-prB	AACCCTTTATTGGTATCAACAG	TCRb	
#317Vβ7tit-prB	CGCTATGTATTGGTACAAGCA	TCRb	
#318Vβ8atit-prB	CTCCCGTTTTCTGGTACAGACAGAC	TCRb	
#319Vβ9tit-prB	CGCTATGTATTGGTATAAACAG	TCRb	
#320Vβ10tit-prB	TTATGTTTACTGGTATCGTAAGAAGC	TCRb	
#321Vβ11tit-prB	CAAAATGTACTGGTATCAACAA	TCRb	
#322Vβ12/3/13/15t-pB	ATACATGTACTGGTATCGACAAGAC	TCRb	
#323Vβ13btit-prB	GGCCATGTACTGGTATAGACAAG	TCRb	
#324Vβ13c/12b/14t-pB	GTATATGTCCTGGTATCGACAAGA	TCRb	
#325Vβ16tit-prB	TAACCTTTATTGGTATCGACGTGT	TCRb	
#326Vβ17tit-prB	GGCCATGTACTGGTACCGACA	TCRb	
#327Vβ18tit-prB	TCATGTTTACTGGTATCGGCAG	TCRb	
#328Vβ19tit-prB	TTATGTTTATTGGTATCAACAGAATCA	TCRb	
#329Vβ20tit-prB	CAACCTATACTGGTACCGACA	TCRb	
#330Vβ21tit-prB	TACCCTTTACTGGTACCGGCAG	TCRb	
#331Vβ22tit-prB	ATACTTCTATTGGTACAGACAAATCT	TCRb	
#332Vβ23/8btit-prB	CACGGTCTACTGGTACCAGCA	TCRb	
#333Vβ24tit-prB	CGTCATGTACTGGTACCAGCA	TCRb	
#288 Vh2FR1 prB tit	GCTGACCTGCACCTTCTCT	BCRh	
#289 Vh3FR1 prB tit	ACTCTCCTGTGCAGCCTCTG	BCRh	
#290 Vh4FR1 prB tit	CCTGTCCCTCACCTGCACT	BCRh	
#291 Vh5FR1 prB tit	GATCTCCTGTAAGGGTTCTGGATAC	BCRh	
#292 Vh6FR1 prB tit	TCTCACTCACCTGTGCCATCT	BCRh	
#293 Vh7FR1 prB tit	AGGTTTCCTGCAAGGCTTCT	BCRh	
#723 IGKV2.24-prB	ttgtgatgacccagactcca	BCRk	
#724 IGKV2.28-prB	actctccctgcccgtcac	BCRk	
#725 IGKV1-prB	ccagawtgacccagtctccat	BCRk	
#726 IGKV3/4-prB	gtctccagccaccctgtct	BCRk	
#728 IGKV5-prB	tctccagcattcatgtcagc	BCRk	
#733 IGLV2	cagtctgccctgactcagc	BCRl	
#799 IGLV7/8-prB	TGTGGTGACYCAGGAGCC	BCRl	
#800 IGLV4-prB	CAGCYTGTGCTGACTCAATC	BCRl	
#801 IGLV1.40-prB	CAGTCTGTSGTGACGCAG	BCRl	
#802 IGLV3.9-prB	CCTATGAGCTGACWCAGCC	BCRl	
#803 IGLV3/10-prB	GCTGACWCAGCCACCCTC	BCRl	
#804 IGLV5/1/9-prB	CAGBCTGTGCTGACTCAGCC	BCRl	
