"nr","name","seq"
"1","1.12","DIQMTQSPSSVSASVGDRVTITCRASQGI......SSWLAWYQQKPGKAPKLLIYAA.......SSLQSGVP.SRFSGSG..SGTDFTLTISSLQPEDFATYYCQQANSFP"
"2","1.12","DIQMTQSPSSVSASVGDRVTITCRASQGI......SSWLAWYQQKPGKAPKLLIYAA.......SSLQSGVP.SRFSGSG..SGTDFTLTISSLQPEDFATYYCQQANSFP"
"3","1.13","AIQLTQSPSSLSASVGDRVTITCRASQGI......SSALA*YQQKPGKAPKLLIYDA.......SSLESGVP.SRFSGSG..SGTDFTLTISSLQPEDFATYYCQQFNNYP"
"4","1.13","AIQLTQSPSSLSASVGDRVTITCRASQGI......SSALAWYQQKPGKAPKLLIYDA.......SSLESGVP.SRFSGSG..SGTDFTLTISSLQPEDFATYYCQQFNSYP"
"5","1.16","DIQMTQSPSSLSASVGDRVTITCRASQGI......SNYLAWFQQKPGKAPKSLIYAA.......SSLQSGVP.SRFSGSG..SGTDFTLTISSLQPEDFATYYCQQYNSYP"
"6","1.16","DIQMTQSPSSLSASVGDRVTITCRASQGI......SNYLAWFQQKPGKAPKSLIYAA.......SSLQSGVP.SKFSGSG..SGTDFTLTISSLQPEDFATYYCQQYNSYP"
"7","1.17","DIQMTQSPSSLSASVGDRVTITCRASQGI......RNDLGWYQQKPGKAPKRLIYAA.......SSLQSGVP.SRFSGSG..SGTEFTLTISSLQPEDFATYYCLQHNSYP"
"8","1.17","DIQMTQSPSSLSASVGDRVTITCRASQGI......RNDLGWYQQKPGKAPKRLIYAA.......SSLQSGVP.SRFSGSG..SGTEFTLTISNLQPEDFATYYCLQHNSYP"
"9","1.27","DIQMTQSPSSLSASVGDRVTITCRASQGI......SNYLAWYQQKPGKVPKLLIYAA.......STLQSGVP.SRFSGSG..SGTDFTLTISSLQPEDVATYYCQKYNSAP"
"10","1.33","DIQMTQSPSSLSASVGDRVTITCQASQDI......SNYLNWYQQKPGKAPKLLIYDA.......SNLETGVP.SRFSGSG..SGTDFTFTISSLQPEDIATYYCQQYDNLP"
"11","1.39","DIQMTQSPSSLSASVGDRVTITCRASQSI......SSYLNWYQQKPGKAPKLLIYAA.......SSLQSGVP.SRFSGSG..SGTDFTLTISSLQPEDFATYYCQQSYSTP"
"12","1.39","DIQMTQSPSFLSASVGDRVTITCRASQSI......SSYLNWYQQKPGKAPKLLIYAA.......SSLQSGVP.SRFSGSG..SGTDFTLTISSLQPEDFATYYCQCGYSTP"
"13","1.5","DIQMTQSPSTLSASVGDRVTITCRASQSI......SSWLAWYQQKPGKAPKLLIYDA.......SSLESGVP.SRFSGSG..SGTEFTLTISSLQPDDFATYYCQQYNSYS"
"14","1.5","DIQMTQSPSTLSASVGDRVTIICRASQSI......SSWLAWYQQKPGKAPKLLIYDA.......SSLESGVP.SRFSGSG..SGTEFTLTISSLQPDDFATYYCQQYNSYS"
"15","1.5","DIQMTQSPSTLSASVGDRVTITCRASQSI......SSWLAWYQQKPGKAPKLLIYKA.......SSLESGVP.SRFSGSG..SGTEFTLTISSLQPDDFATYYCQQYNSYS"
"16","1.6","AIQMTQSPSSLSASVGDRVTITCRASQGI......RNDLGWYQQKPGKAPKLLIYAA.......SSLQSGVP.SRFSGSG..SGTDFTLTISSLQPEDFATYYCLQDYNYP"
"17","1.8","AIRMTQSPSSFSASTGDRVTITCRASQGI......SSYLAWYQQKPGKAPKLLIYAA.......STLQSGVP.SRFSGSG..SGTDFTLTISCLQSEDFATYYCQQYYSYP"
"18","1.9","DIQLTQSPSFLSASVGDRVTITCRASQGI......SSYLAWYQQKPGKAPKLLIYAA.......STLQSGVP.SRFSGSG..SGTEFTLTISSLQPEDFATYYCQQLNSYP"
"19","1.NL1","DIQMTQSPSSLSASVGDRVTITCRASQGI......SNSLAWYQQKPGKAPKLLLYAA.......SRLESGVP.SRFSGSG..SGTDYTLTISSLQPEDFATYYCQQYYSTP"
"20","1D.12","DIQMTQSPSSVSASVGDRVTITCRASQGI......SSWLAWYQQKPGKAPKLLIYAA.......SSLQSGVP.SRFSGSG..SGTDFTLTISSLQPEDFATYYCQQANSFP"
"21","1D.12","DIQMTQSPSSVSASVGDRVTITCRASQGI......SSWLAWYQQKPGKAPKLLIYAA.......SSLQSGVP.SRFSGSG..SGTDFTLTISSLQPEDFATYYCQQANSFP"
"22","1D.13","AIQLTQSPSSLSASVGDRVTITCRASQGI......SSALAWYQQKPGKAPKLLIYDA.......SSLESGVP.SRFSGSG..SGTDFTLTISSLQPEDFATYYCQQFNNYP"
"23","1D.16","DIQMTQSPSSLSASVGDRVTITCRASQGI......SSWLAWYQQKPEKAPKSLIYAA.......SSLQSGVP.SRFSGSG..SGTDFTLTISSLQPEDFATYYCQQYNSYP"
"24","1D.16","DIQMTQSPSSLSASVGDRVTITCRARQGI......SSWLAWYQQKPEKAPKSLIYAA.......SSLQSGVP.SRFSGSG..SGTDFTLTISSLQPEDFATYYCQQYNSYP"
"25","1D.17","NIQMTQSPSAMSASVGDRVTITCRARQGI......SNYLAWFQQKPGKVPKHLIYAA.......SSLQSGVP.SRFSGSG..SGTEFTLTISSLQPEDFATYYCLQHNSYP"
"26","1D.17","DIQMTQSPSAMSASVGDRVTITCRASQGI......SNYLAWFQQKPGKVPKRLIYAA.......SSLQSGVP.SRFSGSG..SGTEFTLTISSLQPEDFATYYCLQHNSYP"
"27","1D.33","DIQMTQSPSSLSASVGDRVTITCQASQDI......SNYLNWYQQKPGKAPKLLIYDA.......SNLETGVP.SRFSGSG..SGTDFTFTISSLQPEDIATYYCQQYDNLP"
"28","1D.39","DIQMTQSPSSLSASVGDRVTITCRASQSI......SSYLNWYQQKPGKAPKLLIYAA.......SSLQSGVP.SRFSGSG..SGTDFTLTISSLQPEDFATYYCQQSYSTP"
"29","1D.43","AIRMTQSPFSLSASVGDRVTITCWASQGI......SSYLAWYQQKPAKAPKLFIYYA.......SSLQSGVP.SRFSGSG..SGTDYTLTISSLQPEDFATYYCQQYYSTP"
"30","1D.8","VIWMTQSPSLLSASTGDRVTISCRMSQGI......SSYLAWYQQKPGKAPELLIYAA.......STLQSGVP.SRFSGSG..SGTDFTLTISCLQSEDFATYYCQQYYSFP"
"31","2.24","DIVMTQTPLSSPVTLGQPASISCRSSQSLVHS.DGNTYLSWLQQRPGQPPRLLIYKI.......SNRFSGVP.DRFSGSG..AGTDFTLKISRVEAEDVGVYYCMQATQFP"
"32","2.28","DIVMTQSPLSLPVTPGEPASISCRSSQSLLHS.NGYNYLDWYLQKPGQSPQLLIYLG.......SNRASGVP.DRFSGSG..SGTDFTLKISRVEAEDVGVYYCMQALQTP"
"33","2.29","DIVMTQTPLSLSVTPGQPASISCKSSQSLLHS.DGKTYLYWYLQKPGQSPQLLIYEV.......SSRFSGVP.DRFSGSG..SGTDFTLKISRVEAEDVGVYY*MQGIHLP"
"34","2.29","DIVMTQTPLSLSVTPGQPASISCKSSQSLLHS.DGKTYLYWYLQKPGQSPQLLIYEV.......SSRFSGVP.DRFSGSG..SGTDFTLKISRVEAEDVGVYYCMQGIHLP"
"35","2.29","DIVMTQTPLSLSVTPGQPASISCKSSQSLLHS.DGKTYLYWYLQKPGQSPQLLIYEV.......SSRFSGVP.DRFSGSG..SGTDFTLKISRVEAEDVGVYYCMQGIHLP"
"36","2.30","DVVMTQSPLSLPVTLGQPASISCRSSQSLVYS.DGNTYLNWFQQRPGQSPRRLIYKV.......SNRDSGVP.DRFSGSG..SGTDFTLKISRVEAEDVGVYYCMQGTHWP"
"37","2.30","DVVMTQSPLSLPVTLGQPASISCRSSQSLVHS.DGNTYLNWFQQRPGQSPRRLIYKV.......SNRDSGVP.DRFSGSG..SGTDFTLKISRVEAEDVGVYYCMQGTHWP"
"38","2.40","DIVMTQTPLSLPVTPGEPASISCRSSQSLLDSDDGNTYLDWYLQKPGQSPQLLIYTL.......SYRASGVP.DRFSGSG..SGTDFTLKISRVEAEDVGVYYCMQRIEFP"
"39","2.40","..................ASISCRSSQSLLDSDDGNTYLDCYLQKPGQSPQLLIYTL.......SYRASGVP.DRFSDSG..SGTDFTLKISRVEAEDVGVYYCMQRIEFP"
"40","2D.26","EIVMTQTPLSLSITPGEQASISCRSSQSLLHS.DGYTYLYWFLQKARPVSTLLIYEV.......SNRFSGVP.DRFSGSG..SGTDFTLKISRVEAEDFGVYYCMQDAQDP"
"41","2D.26","EIVMTQTPLSLSITPGEQASMSCRSSQSLLHS.DGYTYLYWFLQKARPVSTLLICEV.......SNRFSGVP.DRFSGSG..SGTDFTLKISRVEAEDFGVYYCMQDAQDP"
"42","2D.28","DIVMTQSPLSLPVTPGEPASISCRSSQSLLHS.NGYNYLDWYLQKPGQSPQLLIYLG.......SNRASGVP.DRFSGSG..SGTDFTLKISRVEAEDVGVYYCMQALQTP"
"43","2D.29","DIVMTQTPLSLSVTPGQPASISCKSSQSLLHS.DGKTYLYWYLQKPGQPPQLLIYEV.......SNRFSGVP.DRFSGSG..SGTDFTLKISRVEAEDVGVYYCMQSIQLP"
"44","2D.29","DIVMTQTPLSLSVTPGQPASISCKSSQSLLHS.DGKTYLYWYLQKPGQSPQLLIYEV.......SNRFSGVP.DRFSGSG..SGTDFTLKISRVEAEDVGVYYCMQSIQLP"
"45","2D.30","DVVMTQSPLSLPVTLGQPASISCRSSQSLVYS.DGNTYLNWFQQRPGQSPRRLIYKV.......SNWDSGVP.DRFSGSG..SGTDFTLKISRVEAEDVGVYYCMQGTHWP"
"46","2D.40","DIVMTQTPLSLPVTPGEPASISCRSSQSLLDSDDGNTYLDWYLQKPGQSPQLLIYTL.......SYRASGVP.DRFSGSG..SGTDFTLKISRVEAEDVGVYYCMQRIEFP"
"47","3.11","EIVLTQSPATLSLSPGERATLSCRASQSV......SSYLAWYQQKPGQAPRLLIYDA.......SNRATGIP.ARFSGSG..SGTDFTLTISSLEPEDFAVYYCQQRSNWP"
"48","3.11","EIVLTQSPATLSLSPGERATLSCRASQSV......SSYLAWYQQKPGQAPRLLIYDA.......SNRATGIP.ARFSGSG..SGRDFTLTISSLEPEDFAVYYCQQRSNWP"
"49","3.15","EIVMTQSPATLSVSPGERATLSCRASQSV......SSNLAWYQQKPGQAPRLLIYGA.......STRATGIP.ARFSGSG..SGTEFTLTISSLQSEDFAVYYCQQYNNWP"
"50","3.20","EIVLTQSPGTLSLSPGERATLSCRASQSVS.....SSYLAWYQQKPGQAPRLLIYGA.......SSRATGIP.DRFSGSG..SGTDFTLTISRLEPEDFAVYYCQQYGSSP"
"51","3.20","EIVLTQSPATLSLSPGERATLSCRASQSVS.....SSYLAWYQQKPGQAPRLLIYGA.......SSRATGIP.ARFSGSG..SGTDFTLTISRLEPEDFAVYYCQ"
"52","3.NL1","EIVLTQSPATLSLSPGERATLSCRASQSV......SSYLAWYQQKPGQAPRLLIYGA.......STRATGIP.ARFSGSG..SGTEFTLTISSLQSEDFAVYYCQ"
"53","3.NL2","EIVLTQSPATLSLSPGERATLSCRASQGV......SSYLAWYQQKPGQAPRLLIYDA.......SSRATGIP.ARFSGSG..PGTDFTLTISSLEPEDFAVYYCQ"
"54","3.NL3","EIVLTQSPGTLSLSPGERATLSCRASQSVS.....SSYLAWYQQKPGLAPRLLIYGA.......STRATGIP.ARFSGSG..SGTEFTLTISRLQSEDFAVYYCQ"
"55","3.NL4","EIVLTQSPATLSLSPGERATLSCRASQGV......SSNLAWYQQKPGQAPRLLIYDA.......SNRATGIP.ARFSGSG..PGTDFTLTISSLEPEDFAVYYCQQRSNWH"
"56","3.NL5","EIVLTQSPATLSLSPGERATLSCRASQSVS.....SSYLAWYQQKPGQAPRLLIYDA.......SSRATGIP.DRFSGSG..SGTDFTLTISRLEPEDFAVYYCQQRSNWH"
"57","3D.11","EIVLTQSPATLSLSPGERATLSCRASQGV......SSYLAWYQQKPGQAPRLLIYDA.......SNRATGIP.ARFSGSG..PGTDFTLTISSLEPEDFAVYYCQQRSNWH"
"58","3D.15","EIVMTQSPATLSVSPGERATLSCRASQSV......SSNLAWYQQKPGQAPRLLIYGA.......STRATGIP.ARFSGSG..SGTEFTLTISSLQSEDFAVYYCQQYNNWP"
"59","3D.15","EIVMMQSPATLSVSPGERATLSCRASQSV......SSNLAWYQQKPGQAPRLLIYGA.......STRATGIP.ARFSGSG..SGTEFTLTISSLQSEDFAVYYCQQYNN*P"
"60","3D.20","EIVLTQSPATLSLSPGERATLSCGASQSVS.....SSYLAWYQQKPGLAPRLLIYDA.......SSRATGIP.DRFSGSG..SGTDFTLTISRLEPEDFAVYYCQQYGSSP"
"61","3D.7","EIVMTQSPATLSLSPGERATLSCRASQSVS.....SSYLSWYQQKPGQAPRLLIYGA.......STRATGIP.ARFSGSG..SGTDFTLTISSLQPEDFAVYYCQQDYNLP"
"62","4.1","DIVMTQSPDSLAVSLGERATINCKSSQSVLYSSNNKNYLAWYQQKPGQPPKLLIYWA.......STRESGVP.DRFSGSG..SGTDFTLTISSLQAEDVAVYYCQQYYSTP"
"63","5.2","ETTLTQSPAFMSATPGDKVNISCKASQDI......DDDMNWYQQKPGEAAIFIIQEA.......TTLVPGIP.PRFSGSG..YGTDFTLTINNIESEDAAYYFCLQHDNFP"
