V.gene,seq
1.1,GQSLEQ.PSEVTAVEGAIVQINCTYQTSG......FYGLSWYQQHDGGAPTFLSYNAL....DGLEET.....GRFSSFLSRSDSYGYLLLQELQMKDSASYFCAVR..
1.2,GQNIDQ.PTEMTATEGAIVQINCTYQTSG......FNGLFWYQQHAGEAPTFLSYNVL....DGLEEK.....GRFSSFLSRSKGYSYLLLKELQMKDSASYLCAVR..
2,KDQVFQ.PSTVASSEGAVVEIFCNHSVSN......AYNFFWYLHFPGCAPRLLVKGS......KPSQQ.....GRYNMTYER..FSSSLLILQVREADAAVYYCAVE..
3,AQSVAQPEDQVNVAEGNPLTVKCTYSVSG......NPYLFWYVQYPNRGLQFLLKYITG..DNLVKGS.....YGFEAEFNKSQTSFHLKKPSALVSDSALYFCAVRD.
4,LAKTTQ.PISMDSYEGQEVNITCSHNNIAT.....NDYITWYQQFPSQGPRFIIQGYK.....TKVTN.....EVASLFIPADRKSSTLSLPRVSLSDTAVYYCLVGD.
5,GEDVEQS.LFLSVREGDSSVINCTYTDSS......STYLYWYKQEPGAGLQLLTYIFSN...MDMKQD.....QRLTVLLNKKDKHLSLRIADTQTGDSAIYFCAES..
6,SQKIEQNSEALNIQEGKTATLTCNYTNYS......PAYLQWYRQDPGRGPVFLLLIREN...EKEKRK.....ERLKVTFDTTLKQSLFHITASQPADSATYLCALD..
7,ENQVEHSPHFLGPQQGDVASMSCTYSVSR......FNNLQWYRQNTGMGPKHLLSMYSA...GYEKQK.....GRLNATLLK..NGSSLYITAVQPEDSATYFCAVD..
8.1,AQSVSQHNHHVILSEAASLELGCNYSYGG......TVNLFWYVQYPGQHLQLLLKYFSG..DPLVKGI.....KGFEAEFIKSKFSFNLRKPSVQWSDTAEYFCAVN..
8.2,AQSVTQLDSHVSVSEGTPVLLRCNYSSSY......SPSLFWYVQHPNKGLQLLLKYTSA..ATLVKGI.....NGFEAEFKKSETSFHLTKPSAHMSDAAEYFCVVS..
8.3,AQSVTQPDIHITVSEGASLELRCNYSYGA......TPYLFWYVQSPGQGLQLLLKYFSG..DTLVQGI.....KGFEAEFKRSQSSFNLRKPSVHWSDAAEYFCAVG..
8.4,AQSVTQLGSHVSVSEGALVLLRCNYSSSV......PPYLFWYVQYPNQGLQLLLKYTSA..ATLVKGI.....NGFEAEFKKSETSFHLTKPSAHMSDAAEYFCAVS..
8.6,AQSVTQLDSQVPVFEEAPVELRCNYSSSV......SVYLFWYVQYPNQGLQLLLKYLSG..STLVESI.....NGFEAEFNKSQTSFHLRKPSVHISDTAEYFCAVS..
8.7,TQSVTQLDGHITVSEEAPLELKCNYSYSG......VPSLFWYVQYSSQSLQLLLKDLTE..ATQVKGI.....RGFEAEFKKSETSFYLRKPSTHVSDAAEYFCAVGDR
9.1,GDSVVQTEGQVLPSEGDSLIVNCSYETTQ......YPSLFWYVQYPGEGPQLHLKAMKA...NDKGRN.....KGFEAMYRKETTSFHLEKDSVQESDSAVYFCALS..
9.2,GNSVTQMEGPVTLSEEAFLTINCTYTATG......YPSLFWYVQYPGEGLQLLLKATKA...DDKGSN.....KGFEATYRKETTSFHLEKGSVQVSDSAVYFCALS..
10,KNQVEQSPQSLIILEGKNCTLQCNYTVSP......FSNLRWYKQDTGRGPVSLTIMTFS...ENTKSN.....GRYTATLDADTKQSSLHITASQLSDSASYICVVS..
11,LHTLEQSPSFLNIQEGMHAVLNCTYQERT......LFNFHWFRQDPGRRLVSLTLIQSS...QKEQGD.....KYFKELLGKEKFYSVWNIAASHLGDSATYFCAL...
12.1,RKEVEQDPGPFNVPEGATVAFNCTYSNSA......SQSFFWYRQDCRKEPKLLMSVYS....SGN.ED.....GRFTAQLNRASQYISLLIRDSKLSDSATYLCVVN..
12.2,QKEVEQNSGPLSVPEGAIASLNCTYSDRG......SQSFFWYRQYSGKSPELIMFIYS....NGDKED.....GRFTAQLNKASQYVSLLIRDSQPSDSATYLCAVN..
12.3,QKEVEQDPGPLSVPEGAIVSLNCTYSNSA......FQYFMWYRQYSRKGPELLMYTYS....SGNKED.....GRFTAQVDKSSKYISLFIRDSQPSDSATYLCAMS..
13.1,GENVEQHPSTLSVQEGDSAVIKCTYSDSA......SNYFPWYKQELGKGPQLIIDIRSN...VGEKKD.....QRIAVTLNKTAKHFSLHITETQPEDSAVYFCAAS..
13.2,GESVGLHLPTLSVQEGDNSIINCAYSNSA......SDYFIWYKQESGKGPQFIIDIRSN...MDKRQG.....QRVTVLLNKTVKHLSLQIAATQPGDSAVYFCAEN..
14,AQKITQTQPGMFVQEKEAVTLDCTYDTSDP.....SYGLFWYKQPSSGEMIFLIYQGSY..DQQNATE.....GRYSLNFQKARKSANLVISASQLGDSAMYFCAMRE.
16,AQRVTQPEKLLSVFKGAPVELKCNYSYSG......SPELFWYVQYSRQRLQLLLRHI......SRESI.....KGFTADLNKGETSFHLKKPFAQEEDSAMYYCALS..
17,SQQGEEDPQALSIQEGENATMNCSYKTSI.......NNLQWYRQNSGRGLVHLILIRSN...EREKHS.....GRLRVTLDTSKKSSSLLITASRAADTASYFCATD..
18,GDSVTQTEGPVTLPERAALTLNCTYQSSY......STFLFWYVQYLNKEPELLLKSSE....NQETDS.....RGFQASPIKSDSSFHLEKPSVQLSDSAVYYCALR..
19,AQKVTQAQTEISVVEKEDVTLDCVYETRDT.....TYYLFWYKQPPSGELVFLIRRNSF..DEQNEIS.....GRYSWNFQKSTSSFNFTITASQVVDSAVYFCALSE.
20,EDQVTQSPEALRLQEGESSSLNCSYTVSG......LRGLFWYRQDPGKGPEFLFTLYSA...GEEKEK.....ERLKATLTK..KESFLHITAPKPEDSATYLCAVQ..
21,KQEVTQIPAALSVPEGENLVLNCSFTDSA......IYNLQWFRQDPGKGLTSLLLIQSS...QREQTS.....GRLNASLDKSSGRSTLYIAASQPGDSATYLCAVR..
22,GIQVEQSPPDLILQEGANSTLRCNFSDSV.......NNLQWFHQNPWGQLINLFYIPS.....GTKQN.....GRLSATTVATERYSLLYISSSQTTDSGVYFCAVE..
23,QQQVKQSPQSLIVQKGGISIINCAYENTA......FDYFPWYQQFPGKGPALLIAIRPD...VSEKKE.....GRFTISFNKSAKQFSLHIMDSQPGDSATYFCAAS..
24,ILNVEQSPQSLHVQEGDSTNFTCSFPSSN......FYALHWYRWETAKSPEALFVMTLN...GDEKKK.....GRISATLNTKEGYSYLYIKGSQPEDSATYLCAF...
25,GQQVMQIPQYQHVQEGEDFTTYCNSSTTL.......SNIQWYKQRPGGHPVFLIQLVKS...GEVKKQ.....KRLTFQFGEAKKNSSLHITATQTTDVGTYFCAG...
26.1,DAKTTQ.PPSMDCAEGRAANLPCNHSTISG.....NEYVYWYRQIHSQGPQYIIHGLK.....NNETN.....EMASLIITEDRKSSTLILPHATLRDTAVYYCIVRV.
26.2,DAKTTQ.PNSMESNEEEPVHLPCNHSTISG.....TDYIHWYRQLPSQGPEYVIHGLT.....SNVNN.....RMASLAIAEDRKSSTLILHRATLRDAAVYYCILRD.
27,TQLLEQSPQFLSIQEGENLTVYCNSSSVF.......SSLQWYRQEPGEGPVLLVTVVTG...GEVKKL.....KRLTFQFGDARKDSSLHITAAQPGDTGLYLCAG...
29,DQQVKQNSPSLSVQEGRISILNCDYTNSM......FDYFLWYKKYPAEGPTFLISISSI...KDKNED.....GRFTVFLNKSAKHLSLHIVPSQPGDSAVYFCAAS..
30,QQPV.QSPQAVILREGEDAVINCSSSKAL.......YSVHWYRQKHGEAPVFLMILLKG...GEQKGH.....EKISASFNEKKQQSSLYLTASQLSYSGTYFCGTE..
34,SQELEQSPQSLIVQEGKNLTINCTSSKTL.......YGLYWYKQKYGEGLIFLMMLQKG...GEEKSH.....EKITAKLDEKKQQSSLHITASQPSHAGIYLCGAD..
35,GQQLNQSPQSMFIQEGEDVSMNCTSSSIF.......NTWLWYKQEPGEGPVLLIALYKA...GELTSN.....GRLTAQFGITRKDSFLNISASIPSDVGIYFCAGQ..
36,EDKVVQSPLSLVVHEGDTVTLNCSYEVTN......FRSLLWYKQEKKAP.TFLFMLTSS...GIEKKS.....GRLSSILDKKELSSILNITATQTGDSAIYLCAVE..
38.1,AQTVTQSQPEMSVQEAETVTLSCTYDTSEN.....NYYLFWYKQPPSRQMILVIRQEAY..KQQNATE.....NRFSVNFQKAAKSFSLKISDSQLGDTAMYFCAFMK.
38.2,AQTVTQSQPEMSVQEAETVTLSCTYDTSES.....DYYLFWYKQPPSRQMILVIRQEAY..KQQNATE.....NRFSVNFQKAAKSFSLKISDSQLGDAAMYFCAYRS.
39,ELKVEQNPLFLSMQEGKNYTIYCNYSTTS.......DRLYWYRQDPGKSLESLFVLLSN...GAVKQE.....GRLMASLDTKARLSTLHITAAVHDLSATYFCAVD..
40,SNSVKQT.GQITVSEGASVTMNCTYTSTG......YPTLFWYVEYPSKPLQLLQRET......MENSK.....NFGGGNIKD..KNSPIVKYSVQVSDSAVYYCLLG..
41,KNEVEQSPQNLTAQEGEFITINCSYSVGI.......SALHWLQQHPGGGIVSLFMLSS.....GKKKH.....GRLIATINIQEKHSSLHITASHPRDSAVYICAVR..