,V.gene,seq,pos100.104
1,2,EPEVTQTPSHQVTQMGQEVILRCVPISNHLY.......FYWYRQILGQKVEFLVSFYNNEI....SEKSEIFDDQFSVERP.DGSNFTLKIRSTKLEDSAMYFCASSE.......,AMYFC
2,4.1,DTEVTQTPKHLVMGMTNKKSLKCEQHMGHRA.......MYWYKQKAKKPPELMFVYSYEKL....SINESVP.SRFSPECP.NSSLLNLHLHALQPEDSALYLCASSQ.......,ALYLC
3,4.2,ETGVTQTPRHLVMGMTNKKSLKCEQHLGHNA.......MYWYKQSAKKPLELMFVYNFKEQ....TENNSVP.SRFSPECP.NSSHLFLHLHTLQPEDSALYLCASSQ.......,ALYLC
4,5.1,KAGVTQTPRYLIKTRGQQVTLSCSPISGHRS.......VSWYQQTPGQGLQFLFEYFSETQ....RNKGNFP.GRFSGRQF.SNSRSEMNVSTLELGDSALYLCASSL.......,ALYLC
5,5.4,ETGVTQSPTHLIKTRGQQVTLRCSSQSGHNT.......VSWYQQALGQGPQFIFQYYREEE....NGRGNFP.PRFSGLQF.PNYSSELNVNALELDDSALYLCASSL.......,ALYLC
6,5.5,DAGVTQSPTHLIKTRGQQVTLRCSPISGHKS.......VSWYQQVLGQGPQFIFQYYEKEE....RGRGNFP.DRFSARQF.PNYSSELNVNALLLGDSALYLCASSL.......,ALYLC
7,5.6,DAGVTQSPTHLIKTRGQQVTLRCSPKSGHDT.......VSWYQQALGQGPQFIFQYYEEEE....RQRGNFP.DRFSGHQF.PNYSSELNVNALLLGDSALYLCASSL.......,ALYLC
8,5.7,DAGVTQSPTHLIKTRGQHVTLRCSPISGHTS.......VSSYQQALGQGPQFIFQYYEKEE....RGRGNFP.DQFSGHQF.PNYSSELNVNALLLGDSALYLCASSL.......,ALYLC
9,5.8,EAGVTQSPTHLIKTRGQQATLRCSPISGHTS.......VYWYQQALGLGLQFLLWYDEGEE....RNRGNFP.PRFSGRQF.PNYSSELNVNALELEDSALYLCASSL.......,ALYLC
10,6.1,NAGVTQTPKFQVLKTGQSMTLQCAQDMNHNS.......MYWYRQDPGMGLRLIYYSASEGT....TDKGEVP.NGYNVSRL.NKREFSLRLESAAPSQTSVYFCASSE.......,SVYFC
11,6.2,NAGVTQTPKFRVLKTGQSMTLLCAQDMNHEY.......MYWYRQDPGMGLRLIHYSVGEGT....TAKGEVP.DGYNVSRL.KKQNFLLGLESAAPSQTSVYFCASSY.......,SVYFC
12,6.4,IAGITQAPTSQILAAGRRMTLRCTQDMRHNA.......MYWYRQDLGLGLRLIHYSNTAGT....TGKGEVP.DGYSVSRA.NTDDFPLTLASAVPSQTSVYFCASSD.......,SVYFC
13,6.5,NAGVTQTPKFQVLKTGQSMTLQCAQDMNHEY.......MSWYRQDPGMGLRLIHYSVGAGI....TDQGEVP.NGYNVSRS.TTEDFPLRLLSAAPSQTSVYFCASSY.......,SVYFC
14,6.6,NAGVTQTPKFRILKIGQSMTLQCTQDMNHNY.......MYWYRQDPGMGLKLIYYSVGAGI....TDKGEVP.NGYNVSRS.TTEDFPLRLELAAPSQTSVYFCASSY.......,SVYFC
15,6.8,NAGVTQTPKFHILKTGQSMTLQCAQDMNHGY.......MSWYRQDPGMGLRLIYYSAAAGT....TDK.EVP.NGYNVSRL.NTEDFPLRLVSAAPSQTSVYLCASSY.......,SVYLC
16,6.9,NAGVTQTPKFHILKTGQSMTLQCAQDMNHGY.......LSWYRQDPGMGLRRIHYSVAAGI....TDKGEVP.DGYNVSRS.NTEDFPLRLESAAPSQTSVYFCASSY.......,SVYFC
17,7.2,GAGVSQSPSNKVTEKGKDVELRCDPISGHTA.......LYWYRQSLGQGLEFLIYFQGNSA....PDKSGLPSDRFSAERT.GGSVSTLTIQRTQQEDSAVYLCASSL.......,AVYLC
18,7.3,GAGVSQTPSNKVTEKGKYVELRCDPISGHTA.......LYWYRQSLGQGPEFLIYFQGTGA....ADDSGLPNDRFFAVRP.EGSVSTLKIQRTERGDSAVYLCASSL.......,AVYLC
19,7.4,GAGVSQSPRYKVAKRGRDVALRCDSISGHVT.......LYWYRQTLGQGSEVLTYSQSDAQ....RDKSGRPSGRFSAERP.ERSVSTLKIQRTEQGDSAVYLCASSL.......,AVYLC
20,7.6,GAGVSQSPRYKVTKRGQDVALRCDPISGHVS.......LYWYRQALGQGPEFLTYFNYEAQ....QDKSGLPNDRFSAERP.EGSISTLTIQRTEQRDSAMYRCASSL.......,AMYRC
21,7.7,GAGVSQSPRYKVTKRGQDVTLRCDPISSHAT.......LYWYQQALGQGPEFLTYFNYEAQ....PDKSGLPSDRFSAERP.EGSISTLTIQRTEQRDSAMYRCASSL.......,AMYRC
22,7.8,GAGVSQSPRYKVAKRGQDVALRCDPISGHVS.......LFWYQQALGQGPEFLTYFQNEAQ....LDKSGLPSDRFFAERP.EGSVSTLKIQRTQQEDSAVYLCASSL.......,AVYLC
23,7.9,DTGVSQNPRHKITKRGQNVTFRCDPISEHNR.......LYWYRQTLGQGPEFLTYFQNEAQ....LEKSRLLSDRFSAERP.KGSFSTLEIQRTEQGDSAMYLCASSL.......,AMYLC
24,10.2,DAGITQSPRYKITETGRQVTLMCHQTWSHSY.......MFWYRQDLGHGLRLIYYSAAADI....TDKGEVP.DGYVVSRS.KTENFPLTLESATRSQTSVYFCASSE.......,SVYFC
25,10.3,DAGITQSPRHKVTETGTPVTLRCHQTENHRY.......MYWYRQDPGHGLRLIHYSYGVKD....TDKGEVS.DGYSVSRS.KTEDFLLTLESATSSQTSVYFCAISE.......,SVYFC
26,11.1,EAEVAQSPRYKITEKSQAVAFWCDPISGHAT.......LYWYRQILGQGPELLVQFQDESV....VDDSQLPKDRFSAERL.KGVDSTLKIQPAELGDSAMYLCASSL.......,AMYLC
27,11.2,EAGVAQSPRYKIIEKRQSVAFWCNPISGHAT.......LYWYQQILGQGPKLLIQFQNNGV....VDDSQLPKDRFSAERL.KGVDSTLKIQPAKLEDSAVYLCASSL.......,AVYLC
28,11.3,EAGVVQSPRYKIIEKKQPVAFWCNPISGHNT.......LYWYLQNLGQGPELLIRYENEEA....VDDSQLPKDRFSAERL.KGVDSTLKIQPAELGDSAVYLCASSL.......,AVYLC
29,12.3,DAGVIQSPRHEVTEMGQEVTLRCKPISGHNS.......LFWYRQTMMRGLELLIYFNNNVP....IDDSGMPEDRFSAKMP.NASFSTLKIQPSEPRDSAVYFCASSL.......,AVYFC
30,12.5,DARVTQTPRHKVTEMGQEVTMRCQPILGHNT.......VFWYRQTMMQGLELLAYFRNRAP....LDDSGMPKDRFSAEMP.DATLATLKIQPSEPRDSAVYFCASGL.......,AVYFC
31,13,AAGVIQSPRHLIKEKRETATLKCYPIPRHDT.......VYWYQQGPGQDPQFLISFYEKMQ....SDKGSIP.DRFSAQQF.SDYHSELNMSSLELGDSALYFCASSL.......,ALYFC
32,14,EAGVTQFPSHSVIEKGQTVTLRCDPISGHDN.......LYWYRRVMGKEIKFLLHFVKESK....QDESGMPNNRFLAERT.GGTYSTLKVQPAELEDSGVYFCASSQ.......,GVYFC
33,15,DAMVIQNPRYQVTQFGKPVTLSCSQTLNHNV.......MYWYQQKSSQAPKLLFHYYDKDF....NNEADTP.DNFQSRRP.NTSFCFLDIRSPGLGDTAMYLCATSR.......,AMYLC
34,18,NAGVMQNPRHLVRRRGQEARLRCSPMKGHSH.......VYWYRQLPEEGLKFMVYLQKENI....IDESGMPKERFSAEFP.KEGPSILRIQQVVRGDSAAYFCASSP.......,AAYFC
35,19,DGGITQSPKYLFRKEGQNVTLSCEQNLNHDA.......MYWYRQDPGQGLRLIYYSQIVND....FQKGDIA.EGYSVSRE.KKESFPLTVTSAQKNPTAFYLCASSI.......,AFYLC
36,20.1,GAVVSQHPSWVICKSGTSVKIECRSLDFQATT......MFWYRQFPKQSLMLMATSNEGSKA...TYEQGVEKDKFLINHA.SLTLSTLTVTSAHPEDSSFYICSAR........,SFYIC
37,23.1,HAKVTQTPGHLVKGKGQKTKMDCTPEKGHTF.......VYWYQQNQNKEFMLLISFQNEQV....LQETEMHKKRFSSQCP.KNAPCSLAILSSEPGDTALYLCASSQ.......,ALYLC
38,25.1,EADIYQTPRYLVIGTGKKITLECSQTMGHDK.......MYWYQQDPGMELHLIHYSYGVNS....TEKGDLS.SESTVSRI.RTEHFPLTLESARPSHTSQYLCASSE.......,SQYLC
39,27,EAQVTQNPRYLITVTGKKLTVTCSQNMNHEY.......MSWYRQDPGLGLRQIYYSMNVEV....TDKGDVP.EGYKVSRK.EKRNFPLILESPSPNQTSLYFCASSL.......,SLYFC
40,28,DVKVTQSSRYLVKRTGEKVFLECVQDMDHEN.......MFWYRQDPGLGLRLIYFSYDVKM....KEKGDIP.EGYSVSRE.KKERFSLILESASTNQTSMYLCASSL.......,SMYLC
41,29.1,SAVISQKPSRDICQRGTSLTIQCQVDSQVTM.......MFWYRQQPGQSLTLIATANQGSEA...TYESGFVIDKFPISRP.NLTFSTLTVSNMSPEDSSIYLCSVE........,SIYLC
