V.gene,func,seq
TRGV2,F,SSNLEGRTKSVIRQTGSSAEITCDLAEGS......NGYIHWYLHQEGKAPQRLQYYDSY..NSKVVLESGVSPGKYYTYAS.TRNNLRLILRNLIENDSGVYYCATWDG
TRGV2,(F),SSNLEGRTKSVIRQTGSSAEITCDLAEGS......NGYIHWYLHQEGKAPQRLQYYDSY..NSKVVLESGVSPGKYYTYAS.TRNNLRLILQNLIENDSGVYYCATWD
TRGV2,F,SSNLEGRTKSVIRQTGSSAEITCDLAEGS......NGYIHWYLHQEGKAPQRLQYYDSY..NSKVVLESGVSPGKYYTYAS.TRNNLRLILRNLIENDFGVYYCATWDG
TRGV3,F,SSNLEGRTKSVTRQTGSSAEITCDLTVTN......TFYIHWYLHQEGKAPQRLLYYDVS..TARDVLESGLSPGKYYTHTP.RRWSWILRLQNLIENDSGVYYCATWDR
TRGV3,F,SSNLEGRTKSVTRQTGSSAEITCDLTVTN......TFYIHWYLHQEGKAPQRLLYYDVS..TARDVLESGLSPGKYYTHTP.RRWSWILRLQNLIENDSGVYYCATWD
TRGV4,F,SSNLEGRTKSVIRQTGSSAEITCDLAEGS......TGYIHWYLHQEGKAPQRLLYYDSY..TSSVVLESGISPGKYDTYGS.TRKNLRMILRNLIENDSGVYYCATWDG
TRGV4,F,SSNLEGRTKSVIRQTGSSAEITCDLAEGS......TGYIHWYLHQEGKAPQRLLYYDSY..TSSVVLESGISPGKYDTYGS.TRKNLRMILRNLIENDSGVYYCATWDG
TRGV5,F,SSNLEGGTKSVTRPTRSSAEITCDLTVIN......AFYIHWYLHQEGKAPQRLLYYDVS..NSKDVLESGLSPGKYYTHTP.RRWSWILILRNLIENDSGVYYCATWDR
TRGV8,F,SSNLEGRTKSVTRPTGSSAVITCDLPVEN......AVYTHWYLHQEGKAPQRLLYYDSY..NSRVVLESGISREKYHTYAS.TGKSLKFILENLIERDSGVYYCATWDR
TRGV9,F,AGHLEQPQISSTKTLSKTARLECVVSGITI....SATSVYWYRERPGEVIQFLVSISYD...GTVRKESGIPSGKFEVDRIPETSTSTLTIHNVEKQDIATYYCALWEV
TRGV9,F,AGHLEQPQISSTKTLSKTARLECVVSGIKI....SATSVYWYRERPGEVIQFLVSISYD...GTVRKESGIPSGKFEVDRIPETSTSTLTIHNVEKQDIATYYCALWEV
